{
  "real_games": {
    "count": 100,
    "mae": 26.995413830446914,
    "rmse": 32.23721227549684,
    "avg_confidence": 0.7666666666666666
  },
  "synthetic_games": {
    "count": 1000,
    "mae": 31.704951319455297,
    "rmse": 33.22579181778133,
    "avg_confidence": 0.7720833333333332
  }
}